Los Angeles,California
Cook,Illinois
Harris,Texas
Maricopa,Arizona
San Diego,California
Orange,California
Miami-Dade,Florida
Kings,New York
Dallas,Texas
Riverside,California
Queens,New York
Clark,Nevada
King,Washington
San Bernardino,California
Tarrant,Texas
Bexar,Texas
Broward,Florida
Santa Clara,California
Wayne,Michigan
Alameda,California
New York,New York
Middlesex,Massachusetts
Philadelphia,Pennsylvania
Sacramento,California
Suffolk,New York
Palm Beach,Florida
Hillsborough,Florida
Bronx,New York
Orange,Florida
Nassau,New York
Franklin,Ohio
Travis,Texas
Oakland,Michigan
Hennepin,Minnesota
Cuyahoga,Ohio
Allegheny,Pennsylvania
Salt Lake,Utah
Contra Costa,California
Fairfax,Virginia
Wake,North Carolina
Mecklenburg,North Carolina
Collin,Texas
Fulton,Georgia
Montgomery,Maryland
Pima,Arizona
Honolulu,Hawaii
Fresno,California
St. Louis,Missouri
Westchester,New York
Duval,Florida
Capitol,Connecticut
Marion,Indiana
Pinellas,Florida
Gwinnett,Georgia
Prince George's,Maryland
Bergen,New Jersey
Erie,New York
Milwaukee,Wisconsin
DuPage,Illinois
Shelby,Tennessee
Pierce,Washington
Denton,Texas
Kern,California
Macomb,Michigan
Hidalgo,Texas
El Paso,Texas
Middlesex,New Jersey
Worcester,Massachusetts
Montgomery,Pennsylvania
Essex,New Jersey
San Francisco,California
Baltimore,Maryland
Ventura,California
Fort Bend,Texas
Snohomish,Washington
Hamilton,Ohio
Multnomah,Oregon
Essex,Massachusetts
Oklahoma,Oklahoma
Suffolk,Massachusetts
San Joaquin,California
Jefferson,Kentucky
Lee,Florida
Cobb,Georgia
DeKalb,Georgia
Monroe,New York
San Mateo,California
Polk,Florida
El Paso,Colorado
Norfolk,Massachusetts
Jackson,Missouri
Lake,Illinois
Hudson,New Jersey
Denver,Colorado
Davidson,Tennessee
Will,Illinois
Bernalillo,New Mexico
Jefferson,Alabama
District of Columbia,District of Columbia
Tulsa,Oklahoma
Utah,Utah
Providence,Rhode Island
Kent,Michigan
Arapahoe,Colorado
Bucks,Pennsylvania
Monmouth,New Jersey
Ocean,New Jersey
Montgomery,Texas
Western Connecticut,Connecticut
Williamson,Texas
Johnson,Kansas
Brevard,Florida
Washington,Oregon
Anne Arundel,Maryland
Baltimore,Maryland
Douglas,Nebraska
Jefferson,Colorado
Bristol,Massachusetts
Delaware,Pennsylvania
Union,New Jersey
South Central Connecticut,Connecticut
New Castle,Delaware
Pasco,Florida
Dane,Wisconsin
Volusia,Florida
Lancaster,Pennsylvania
Stanislaus,California
Ramsey,Minnesota
Guilford,North Carolina
Summit,Ohio
Spokane,Washington
Chester,Pennsylvania
Montgomery,Ohio
Plymouth,Massachusetts
Greenville,South Carolina
Sedgwick,Kansas
Camden,New Jersey
Adams,Colorado
Passaic,New Jersey
Kane,Illinois
Morris,New Jersey
Clark,Washington
Lake,Indiana
Ada,Idaho
Polk,Iowa
Richmond,New York
Sonoma,California
Washoe,Nevada
Knox,Tennessee
Prince William,Virginia
Tulare,California
Onondaga,New York
Seminole,Florida
Hampden,Massachusetts
Burlington,New Jersey
Virginia Beach,Virginia
York,Pennsylvania
East Baton Rouge,Louisiana
Naugatuck Valley,Connecticut
Solano,California
Santa Barbara,California
Sarasota,Florida
Dakota,Minnesota
Monterey,California
Jefferson,Louisiana
Pinal,Arizona
Lucas,Ohio
Berks,Pennsylvania
Hillsborough,New Hampshire
Cameron,Texas
Clackamas,Oregon
Loudoun,Virginia
Richland,South Carolina
Mobile,Alabama
Charleston,South Carolina
Waukesha,Wisconsin
Placer,California
St. Charles,Missouri
Genesee,Michigan
Manatee,Florida
Orange,New York
Pulaski,Arkansas
Osceola,Florida
Madison,Alabama
Butler,Ohio
Lake,Florida
Allen,Indiana
Forsyth,North Carolina
Mercer,New Jersey
Lane,Oregon
Orleans,Louisiana
Collier,Florida
Marion,Florida
Brazoria,Texas
Stark,Ohio
Lehigh,Pennsylvania
Bell,Texas
Washtenaw,Michigan
Hamilton,Tennessee
Chesterfield,Virginia
Anoka,Minnesota
Davis,Utah
Douglas,Colorado
Larimer,Colorado
Horry,South Carolina
Westmoreland,Pennsylvania
Nueces,Texas
Galveston,Texas
Hamilton,Indiana
Marion,Oregon
Somerset,New Jersey
Rutherford,Tennessee
Rockland,New York
Cumberland,North Carolina
St. Lucie,Florida
Henrico,Virginia
Howard,Maryland
Weld,Colorado
Spartanburg,South Carolina
Boulder,Colorado
Greater Bridgeport,Connecticut
Luzerne,Pennsylvania
Durham,North Carolina
Lancaster,Nebraska
Escambia,Florida
Fayette,Kentucky
Rockingham,New Hampshire
Albany,New York
Northampton,Pennsylvania
Lorain,Ohio
Lubbock,Texas
McHenry,Illinois
Cumberland,Maine
Gloucester,New Jersey
Greene,Missouri
St. Louis,Missouri
Dutchess,New York
Clayton,Georgia
Chatham,Georgia
Ottawa,Michigan
Lexington,South Carolina
Cleveland,Oklahoma
Thurston,Washington
Leon,Florida
Anchorage,Alaska
Benton,Arkansas
Dauphin,Pennsylvania
Winnebago,Illinois
York,South Carolina
Ingham,Michigan
Merced,California
San Luis Obispo,California
Southeastern Connecticut,Connecticut
Alachua,Florida
St. Johns,Florida
Kitsap,Washington
Atlantic,New Jersey
Frederick,Maryland
St. Joseph,Indiana
Erie,Pennsylvania
Buncombe,North Carolina
Washington,Minnesota
Santa Cruz,California
Cherokee,Georgia
Brown,Wisconsin
Webb,Texas
St. Tammany,Louisiana
Madison,Illinois
Weber,Utah
Kalamazoo,Michigan
Cumberland,Pennsylvania
McLennan,Texas
Harford,Maryland
Marin,California
St. Clair,Illinois
Yakima,Washington
Jefferson,Texas
Forsyth,Georgia
Clay,Missouri
Chesapeake,Virginia
Williamson,Tennessee
Washington,Arkansas
Hays,Texas
Warren,Ohio
Lafayette,Louisiana
Henry,Georgia
Sussex,Delaware
Union,North Carolina
Yavapai,Arizona
Norfolk,Virginia
Saratoga,New York
Caddo,Louisiana
Arlington,Virginia
Canyon,Idaho
Smith,Texas
Brazos,Texas
Baldwin,Alabama
Lake,Ohio
Tuscaloosa,Alabama
Berkeley,South Carolina
Oneida,New York
Barnstable,Massachusetts
Linn,Iowa
Gaston,North Carolina
New Hanover,North Carolina
Montgomery,Alabama
Mahoning,Ohio
Richmond,Virginia
Jefferson,Missouri
Hinds,Mississippi
Whatcom,Washington
Cabarrus,North Carolina
Shelby,Alabama
Jackson,Oregon
Montgomery,Tennessee
Dona Ana,New Mexico
Clay,Florida
Johnston,North Carolina
Yolo,California
Delaware,Ohio
Lackawanna,Pennsylvania
Mohave,Arizona
Butte,California
York,Maine
Niagara,New York
Okaloosa,Florida
Calcasieu,Louisiana
Washington,Pennsylvania
Clermont,Ohio
Harrison,Mississippi
Benton,Washington
Elkhart,Indiana
Champaign,Illinois
Richmond,Georgia
Hall,Georgia
Anderson,South Carolina
Muscogee,Georgia
Yuma,Arizona
Onslow,North Carolina
Hawaii,Hawaii
Trumbull,Ohio
St. Louis,Minnesota
Deschutes,Oregon
Broome,New York
Minnehaha,South Dakota
Racine,Wisconsin
Sumner,Tennessee
Hernando,Florida
Sangamon,Illinois
Ellis,Texas
Butler,Pennsylvania
Livingston,Michigan
El Dorado,California
Sarpy,Nebraska
Outagamie,Wisconsin
Charlotte,Florida
Saginaw,Michigan
Beaufort,South Carolina
Santa Rosa,Florida
Iredell,North Carolina
Tippecanoe,Indiana
Cass,North Dakota
DeSoto,Mississippi
Newport News,Virginia
Boone,Missouri
Washington,Utah
Johnson,Texas
Kent,Delaware
Medina,Ohio
Ulster,New York
Shasta,California
Peoria,Illinois
Bay,Florida
Vanderburgh,Indiana
Kanawha,West Virginia
Imperial,California
Licking,Ohio
Shawnee,Kansas
Muskegon,Michigan
Hendricks,Indiana
Lower Connecticut River Valley,Connecticut
Lee,Alabama
Scott,Iowa
Guadalupe,Texas
Kootenai,Idaho
Porter,Indiana
Carroll,Maryland
Alamance,North Carolina
McLean,Illinois
Winnebago,Wisconsin
Pitt,North Carolina
Kent,Rhode Island
Paulding,Georgia
Aiken,South Carolina
Davidson,North Carolina
Midland,Texas
Kenton,Kentucky
Kenosha,Wisconsin
Chittenden,Vermont
Pueblo,Colorado
Monroe,Pennsylvania
Wyandotte,Kansas
Beaver,Pennsylvania
Greene,Ohio
Charles,Maryland
Yellowstone,Montana
Comal,Texas
Maui,Hawaii
Houston,Georgia
Rock,Wisconsin
Olmsted,Minnesota
Ector,Texas
Dorchester,South Carolina
Johnson,Indiana
Portage,Ohio
Catawba,North Carolina
Indian River,Florida
Rensselaer,New York
Jackson,Michigan
St. Clair,Michigan
Ouachita,Louisiana
Schenectady,New York
Martin,Florida
Fairfield,Ohio
Sullivan,Tennessee
Centre,Pennsylvania
Stearns,Minnesota
Stafford,Virginia
Alexandria,Virginia
Madera,California
Rankin,Mississippi
Columbia,Georgia
Canadian,Oklahoma
Bibb,Georgia
Mesa,Colorado
Franklin,Pennsylvania
Citrus,Florida
Monroe,Michigan
Washington,Maryland
Santa Fe,New Mexico
Berrien,Michigan
Hampshire,Massachusetts
Merrimack,New Hampshire
Cumberland,New Jersey
Johnson,Iowa
Penobscot,Maine
Kings,California
Scott,Minnesota
Parker,Texas
Kaufman,Texas
Sandoval,New Mexico
Wilson,Tennessee
Coweta,Georgia
Rowan,North Carolina
Orange,North Carolina
Sussex,New Jersey
Douglas,Georgia
Coconino,Arizona
Randolph,North Carolina
Rock Island,Illinois
Jackson,Mississippi
Livingston,Louisiana
Lebanon,Pennsylvania
Schuylkill,Pennsylvania
Taylor,Texas
Wright,Minnesota
Randall,Texas
Spotsylvania,Virginia
Monroe,Indiana
Brunswick,North Carolina
Marathon,Wisconsin
Napa,California
Hampton,Virginia
Florence,South Carolina
Grayson,Texas
Washington,Wisconsin
Boone,Kentucky
Humboldt,California
Blount,Tennessee
Clark,Ohio
Warren,Kentucky
Harnett,North Carolina
Cache,Utah
Calhoun,Michigan
Tangipahoa,Louisiana
Washington,Tennessee
Cambria,Pennsylvania
Kendall,Illinois
Sumter,Florida
Wood,Ohio
Tazewell,Illinois
Pickens,South Carolina
Black Hawk,Iowa
Strafford,New Hampshire
Madison,Indiana
Washington,Rhode Island
Wichita,Texas
Rapides,Louisiana
Skagit,Washington
Hunterdon,New Jersey
Bossier,Louisiana
Clarke,Georgia
Berkshire,Massachusetts
Linn,Oregon
Fayette,Pennsylvania
Sebastian,Arkansas
Chautauqua,New York
Ascension,Louisiana
Cochise,Arizona
Richland,Ohio
Faulkner,Arkansas
Bonneville,Idaho
Gregg,Texas
Kennebec,Maine
Saline,Arkansas
Berkeley,West Virginia
Morgan,Alabama
Jasper,Missouri
Blair,Pennsylvania
San Juan,New Mexico
Comanche,Oklahoma
Clark,Indiana
La Crosse,Wisconsin
Allegan,Michigan
Carroll,Georgia
Gallatin,Montana
Tom Green,Texas
Fayette,Georgia
Douglas,Kansas
Missoula,Montana
Lowndes,Georgia
Oswego,New York
Potter,Texas
Sheboygan,Wisconsin
Robeson,North Carolina
Flagler,Florida
Wayne,North Carolina
Jefferson,New York
Wayne,Ohio
Henderson,North Carolina
Calhoun,Alabama
Lycoming,Pennsylvania
St. Mary's,Maryland
Newton,Georgia
Northwest Hills,Connecticut
Albemarle,Virginia
Ontario,New York
LaPorte,Indiana
Delaware,Indiana
Androscoggin,Maine
Douglas,Oregon
Craighead,Arkansas
Hardin,Kentucky
Rockwall,Texas
Cowlitz,Washington
Mercer,Pennsylvania
Hanover,Virginia
Pennington,South Dakota
Warren,New Jersey
LaSalle,Illinois
Bartow,Georgia
Madison,Mississippi
Eaton,Michigan
Terrebonne,Louisiana
Bradley,Tennessee
Miami,Ohio
St. Lawrence,New York
Matanuska-Susitna,Alaska
Cass,Missouri
Yamhill,Oregon
Kankakee,Illinois
Carver,Minnesota
Navajo,Arizona
Houston,Alabama
Platte,Missouri
Vigo,Indiana
Monongalia,West Virginia
Flathead,Montana
Eau Claire,Wisconsin
Woodbury,Iowa
Sumter,South Carolina
Walworth,Wisconsin
Franklin,Missouri
Adams,Pennsylvania
Limestone,Alabama
Fond du Lac,Wisconsin
Cecil,Maryland
Wicomico,Maryland
Bay,Michigan
Macon,Illinois
Etowah,Alabama
Whitfield,Georgia
Daviess,Kentucky
Tompkins,New York
Highlands,Florida
Nevada,California
Allen,Ohio
Maury,Tennessee
Columbiana,Ohio
Hunt,Texas
Craven,North Carolina
Moore,North Carolina
DeKalb,Illinois
Dallas,Iowa
Laramie,Wyoming
Garland,Arkansas
Cleveland,North Carolina
Montgomery,Virginia
Lenawee,Michigan
Roanoke,Virginia
Grant,Washington
Sutter,California
Dubuque,Iowa
Madison,Tennessee
Story,Iowa
Floyd,Georgia
Sevier,Tennessee
Burleigh,North Dakota
Bastrop,Texas
Putnam,New York
Marshall,Alabama
Sherburne,Minnesota
Walton,Georgia
Ashtabula,Ohio
Lancaster,South Carolina
Portsmouth,Virginia
Lafourche,Louisiana
Franklin,Washington
Roanoke,Virginia
Fairbanks North Star,Alaska
Rogers,Oklahoma
Northeastern Connecticut,Connecticut
Benton,Oregon
Cape May,New Jersey
Geauga,Ohio
Grand Traverse,Michigan
Nash,North Carolina
Suffolk,Virginia
Lauderdale,Alabama
Cabell,West Virginia
St. Croix,Wisconsin
Rockdale,Georgia
Steuben,New York
Pottawattamie,Iowa
Liberty,Texas
Calvert,Maryland
Campbell,Kentucky
Madison,Kentucky
Tuscarawas,Ohio
Bowie,Texas
Frederick,Virginia
Ozaukee,Wisconsin
St. Clair,Alabama
Nassau,Florida
Northumberland,Pennsylvania
Wayne,New York
Victoria,Texas
Rockingham,North Carolina
Mendocino,California
Grafton,New Hampshire
Twin Falls,Idaho
Christian,Missouri
Dodge,Wisconsin
Lapeer,Michigan
Cullman,Alabama
Josephine,Oregon
Lincoln,North Carolina
Burke,North Carolina
Elmore,Alabama
Polk,Oregon
Bannock,Idaho
Angelina,Texas
Island,Washington
Muskingum,Ohio
Jefferson,Wisconsin
Lawrence,Pennsylvania
Newport,Rhode Island
Dougherty,Georgia
Orange,Texas
Glynn,Georgia
Buchanan,Missouri
Cascade,Montana
Barrow,Georgia
Wood,West Virginia
Orangeburg,South Carolina
Rockingham,Virginia
Crawford,Pennsylvania
Chemung,New York
Midland,Michigan
Howard,Indiana
Indiana,Pennsylvania
Lee,Mississippi
Coryell,Texas
Lewis,Washington
Henderson,Texas
St. Landry,Louisiana
Bullitt,Kentucky
Bartholomew,Indiana
Wagoner,Oklahoma
Payne,Oklahoma
Leavenworth,Kansas
Monroe,Florida
Yuba,California
Cape Girardeau,Missouri
Manitowoc,Wisconsin
Talladega,Alabama
Caldwell,North Carolina
Kosciusko,Indiana
Floyd,Indiana
Hancock,Indiana
Putnam,Tennessee
Umatilla,Oregon
Clinton,New York
Bulloch,Georgia
Bedford,Virginia
Clearfield,Pennsylvania
Natrona,Wyoming
Clinton,Michigan
Lynchburg,Virginia
Chelan,Washington
James City,Virginia
Oconee,South Carolina
Sullivan,New York
Wilson,North Carolina
Forrest,Mississippi
Augusta,Virginia
Anderson,Tennessee
Clallam,Washington
Walker,Texas
White,Arkansas
Jackson,Georgia
Cattaraugus,New York
Ross,Ohio
Cole,Missouri
Chatham,North Carolina
Walton,Florida
Valencia,New Mexico
Cheshire,New Hampshire
Cayuga,New York
Grays Harbor,Washington
Van Buren,Michigan
Erie,Ohio
Hancock,Ohio
Raleigh,West Virginia
Lonoke,Arkansas
Wood,Wisconsin
Vermilion,Illinois
Tooele,Utah
Broomfield,Colorado
Somerset,Pennsylvania
Scioto,Ohio
Putnam,Florida
Kauai,Hawaii
Robertson,Tennessee
Fauquier,Virginia
Lea,New Mexico
Grand Forks,North Dakota
Christian,Kentucky
Lauderdale,Mississippi
Pottawatomie,Oklahoma
Riley,Kansas
Creek,Oklahoma
McKinley,New Mexico
Morgan,Indiana
DeKalb,Alabama
Lewis and Clark,Montana
Surry,North Carolina
Boone,Indiana
Franklin,Massachusetts
Greene,Tennessee
Portage,Wisconsin
York,Virginia
Wise,Texas
Iberia,Louisiana
Columbia,Florida
Franklin,North Carolina
Ward,North Dakota
Troup,Georgia
Klamath,Oregon
Greenwood,South Carolina
Harrison,Texas
Blue Earth,Minnesota
San Patricio,Texas
Carteret,North Carolina
Allegany,Maryland
Shiawassee,Michigan
Walker,Georgia
Catoosa,Georgia
Lake,California
Madison,New York
Oldham,Kentucky
Otero,New Mexico
Butler,Kansas
McCracken,Kentucky
Laurens,South Carolina
Spalding,Georgia
Aroostook,Maine
Rice,Minnesota
Jones,Mississippi
Williamson,Illinois
Jefferson,Arkansas
Montcalm,Michigan
St. Francois,Missouri
Ionia,Michigan
Muskogee,Oklahoma
Grant,Indiana
Crow Wing,Minnesota
Belmont,Ohio
Wayne,Indiana
Marquette,Michigan
Chippewa,Wisconsin
Wilkes,North Carolina
Apache,Arizona
Mason,Washington
Harrison,West Virginia
Lincoln,South Dakota
Kershaw,South Carolina
Starr,Texas
Warren,New York
Sauk,Wisconsin
Adams,Illinois
Liberty,Georgia
Armstrong,Pennsylvania
Tehama,California
Marion,Ohio
Effingham,Georgia
Clay,Minnesota
Jefferson,Ohio
Pulaski,Kentucky
Carbon,Pennsylvania
Walker,Alabama
Isabella,Michigan
Columbia,Pennsylvania
Coos,Oregon
Salem,New Jersey
Nacogdoches,Texas
San Benito,California
Chaves,New Mexico
Rutherford,North Carolina
Hamblen,Tennessee
Lamar,Mississippi
Warrick,Indiana
Belknap,New Hampshire
Georgetown,South Carolina
Lee,North Carolina
Pope,Arkansas
Union,Ohio
Darlington,South Carolina
Stanly,North Carolina
Knox,Ohio
Barry,Michigan
Hall,Nebraska
Hood,Texas
Garfield,Oklahoma
Laurel,Kentucky
Haywood,North Carolina
Walla Walla,Washington
Livingston,New York
Reno,Kansas
Garfield,Colorado
Pender,North Carolina
Cumberland,Tennessee
Columbia,New York
Washington,New York
Athens,Ohio
Eddy,New Mexico
Granville,North Carolina
Tipton,Tennessee
St. Joseph,Michigan
Crawford,Arkansas
Rutland,Vermont
Pittsylvania,Virginia
Herkimer,New York
Lincoln,Missouri
Bradford,Pennsylvania
Otter Tail,Minnesota
Van Zandt,Texas
Washington,Vermont
Otsego,New York
Washington,Ohio
Mercer,West Virginia
Lyon,Nevada
Sampson,North Carolina
Kenai Peninsula,Alaska
Blount,Alabama
Newton,Missouri
Pike,Pennsylvania
Sandusky,Ohio
Russell,Alabama
Pickaway,Ohio
Autauga,Alabama
Lowndes,Mississippi
Huron,Ohio
Box Elder,Utah
Oxford,Maine
Columbia,Wisconsin
Carson City,Nevada
Genesee,New York
Pike,Kentucky
Coffee,Tennessee
Anderson,Texas
Iron,Utah
Jefferson,West Virginia
Lawrence,Ohio
Windsor,Vermont
Maverick,Texas
Gordon,Georgia
Acadia,Louisiana
Waller,Texas
Putnam,West Virginia
Scott,Kentucky
Colbert,Alabama
Vermilion,Louisiana
Hawkins,Tennessee
Chisago,Minnesota
Hardin,Texas
Pearl River,Mississippi
Carter,Tennessee
Taney,Missouri
Cherokee,South Carolina
Marion,West Virginia
Lafayette,Mississippi
La Plata,Colorado
Hancock,Maine
Eagle,Colorado
Whiteside,Illinois
Campbell,Virginia
Loudon,Tennessee
Grady,Oklahoma
Camden,Georgia
Lenoir,North Carolina
Seneca,Ohio
Jefferson,Tennessee
Tuolumne,California
Franklin,Virginia
Dickson,Tennessee
Watauga,North Carolina
Saline,Kansas
Johnson,Missouri
Washington,Virginia
Roane,Tennessee
Pulaski,Missouri
Elko,Nevada
Coffee,Alabama
McMinn,Tennessee
Boone,Illinois
Gila,Arizona
Jessamine,Kentucky
Fulton,New York
Tuscola,Michigan
Jackson,Illinois
Columbia,Oregon
Navarro,Texas
Worcester,Maryland
Culpeper,Virginia
Kerr,Texas
Rusk,Texas
Warren,Iowa
Grundy,Illinois
Jackson,Alabama
Hoke,North Carolina
Washington,Oklahoma
Ashland,Ohio
Madison,Idaho
Calumet,Wisconsin
St. Charles,Louisiana
St. Martin,Louisiana
Grant,Wisconsin
Waupaca,Wisconsin
Harrisonburg,Virginia
Darke,Ohio
Nye,Nevada
Ogle,Illinois
Cass,Michigan
Franklin,Kentucky
Medina,Texas
Oktibbeha,Mississippi
Wayne,Pennsylvania
Columbus,North Carolina
Cherokee,Texas
Henry,Virginia
Dearborn,Indiana
Carroll,New Hampshire
Bristol,Rhode Island
Somerset,Maine
Polk,Texas
Bedford,Tennessee
Venango,Pennsylvania
Gibson,Tennessee
Wilson,Texas
Lincoln,Oregon
Queen Anne's,Maryland
Lamar,Texas
Newaygo,Michigan
Buffalo,Nebraska
Franklin,Vermont
Logan,Oklahoma
Winona,Minnesota
Knox,Illinois
Burnet,Texas
Montgomery,New York
Douglas,Nevada
Dale,Alabama
Laurens,Georgia
Atascosa,Texas
Duplin,North Carolina
Henry,Illinois
St. Mary,Louisiana
Fremont,Colorado
Edgecombe,North Carolina
Henry,Indiana
Halifax,North Carolina
Le Flore,Oklahoma
Vernon,Louisiana
Tioga,New York
Curry,New Mexico
Lincoln,Louisiana
Bingham,Idaho
Boyd,Kentucky
Carter,Oklahoma
Shelby,Ohio
Shelby,Kentucky
Greene,New York
Bonner,Idaho
Crittenden,Arkansas
Santa Cruz,Arizona
Jackson,Florida
Goodhue,Minnesota
Val Verde,Texas
Bedford,Pennsylvania
Franklin,New York
Noble,Indiana
Cherokee,Oklahoma
Allegany,New York
Whitman,Washington
Chenango,New York
Coles,Illinois
Chambers,Texas
Campbell,Wyoming
Nelson,Kentucky
Stevens,Washington
Cortland,New York
Barron,Wisconsin
Bryan,Oklahoma
Monroe,Tennessee
Clinton,Iowa
Habersham,Georgia
Charlottesville,Virginia
Beltrami,Minnesota
Auglaize,Ohio
Jackson,Indiana
Monroe,Wisconsin
Marshall,Indiana
Mifflin,Pennsylvania
Caldwell,Texas
Logan,Ohio
Hancock,Mississippi
Osage,Oklahoma
Greene,Arkansas
Perry,Pennsylvania
Windham,Vermont
Colquitt,Georgia
Hillsdale,Michigan
Calaveras,California
Thomas,Georgia
Washington,Louisiana
Kendall,Texas
Wood,Texas
Hopkins,Kentucky
Dunn,Wisconsin
Chilton,Alabama
Polk,Wisconsin
Lawrence,Indiana
Itasca,Minnesota
Bryan,Georgia
Shelby,Indiana
Macoupin,Illinois
Ravalli,Montana
Phelps,Missouri
Branch,Michigan
Henderson,Kentucky
Beaufort,North Carolina
Stokes,North Carolina
Delaware,New York
McDowell,North Carolina
Washington,Mississippi
Callaway,Missouri
Barren,Kentucky
Stephenson,Illinois
Kittitas,Washington
Lawrence,Tennessee
Warren,Mississippi
Shenandoah,Virginia
Jefferson,Pennsylvania
Holmes,Ohio
Huntingdon,Pennsylvania
Douglas,Wisconsin
Siskiyou,California
St. Bernard,Louisiana
Madison,Ohio
Suwannee,Florida
Kay,Oklahoma
Baldwin,Georgia
Pittsburg,Oklahoma
Gadsden,Florida
Brown,Ohio
Kandiyohi,Minnesota
Dubois,Indiana
Chesterfield,South Carolina
Sullivan,New Hampshire
DeKalb,Indiana
Highland,Ohio
Levy,Florida
Camden,Missouri
Douglas,Washington
Richmond,North Carolina
Stephens,Oklahoma
Pettis,Missouri
Coffee,Georgia
Davie,North Carolina
Polk,Georgia
Franklin,Tennessee
Cerro Gordo,Iowa
Muscatine,Iowa
Union,Pennsylvania
Montrose,Colorado
Erath,Texas
Miller,Arkansas
Prince George,Virginia
Manassas,Virginia
Fulton,Ohio
Summit,Utah
Danville,Virginia
Vance,North Carolina
McClain,Oklahoma
Jackson,North Carolina
Okanogan,Washington
Mercer,Ohio
Butler,Missouri
Fayette,Tennessee
Ohio,West Virginia
Nez Perce,Idaho
Pierce,Wisconsin
Sweetwater,Wyoming
Clinton,Ohio
St. John the Baptist,Louisiana
Oconee,Georgia
Crawford,Ohio
Cooke,Texas
Marinette,Wisconsin
Baxter,Arkansas
Wharton,Texas
Gratiot,Michigan
Benton,Minnesota
Upshur,Texas
Isanti,Minnesota
Tallapoosa,Alabama
Tift,Georgia
Clatsop,Oregon
Tioga,Pennsylvania
Cheatham,Tennessee
Warren,Tennessee
Preble,Ohio
Shawano,Wisconsin
Warren,Virginia
Delaware,Oklahoma
Sanilac,Michigan
Knox,Maine
Amador,California
Fayette,West Virginia
McKean,Pennsylvania
Pasquotank,North Carolina
Tazewell,Virginia
Ottawa,Ohio
LaGrange,Indiana
Mississippi,Arkansas
Wyoming,New York
Rio Arriba,New Mexico
Orleans,New York
Mecosta,Michigan
Pike,Mississippi
Mower,Minnesota
Murray,Georgia
Marshall,Iowa
Howell,Missouri
Hendry,Florida
Latah,Idaho
Okeechobee,Florida
Snyder,Pennsylvania
Waldo,Maine
Harrison,Indiana
Sequoyah,Oklahoma
Avoyelles,Louisiana
Fremont,Wyoming
Campbell,Tennessee
Mayes,Oklahoma
Webster,Missouri
Person,North Carolina
Douglas,Minnesota
Williams,North Dakota
Jim Wells,Texas
Oconto,Wisconsin
Crawford,Kansas
Wayne,West Virginia
Isle of Wight,Virginia
Gloucester,Virginia
Des Moines,Iowa
Union,Arkansas
Champaign,Ohio
Colleton,South Carolina
Susquehanna,Pennsylvania
Warren,Pennsylvania
Graham,Arizona
Woodford,Illinois
Guernsey,Ohio
Dallas,Alabama
Defiance,Ohio
Brown,South Dakota
Lawrence,Missouri
Finney,Kansas
Brown,Texas
Pontotoc,Oklahoma
Louisa,Virginia
Scott,Missouri
Montgomery,Indiana
Newberry,South Carolina
Independence,Arkansas
Clinton,Pennsylvania
Cass,Indiana
Franklin,Illinois
Jasper,Iowa
Oneida,Wisconsin
Talbot,Maryland
Boone,Arkansas
Marion,Illinois
Covington,Alabama
Albany,Wyoming
Clarion,Pennsylvania
Natchitoches,Louisiana
Addison,Vermont
Houghton,Michigan
Steele,Minnesota
Calloway,Kentucky
Bennington,Vermont
Essex,New York
Yadkin,North Carolina
Dodge,Nebraska
Dare,North Carolina
Macon,North Carolina
Green,Wisconsin
Jefferson,Illinois
Hopkins,Texas
Clinton,Illinois
Webster,Iowa
Williams,Ohio
Putnam,Indiana
Okmulgee,Oklahoma
Clark,Kentucky
Sagadahoc,Maine
Delta,Michigan
Dyer,Tennessee
Webster,Louisiana
Escambia,Alabama
McLeod,Minnesota
Graves,Kentucky
Huntington,Indiana
Chippewa,Michigan
Whitley,Kentucky
Coshocton,Ohio
Orange,Virginia
Beauregard,Louisiana
Alexander,North Carolina
Carlton,Minnesota
Matagorda,Texas
Geary,Kansas
Cocke,Tennessee
Knox,Indiana
Hill,Texas
Wise,Virginia
Laclede,Missouri
Fannin,Texas
Scotts Bluff,Nebraska
Miami,Indiana
Uintah,Utah
Ware,Georgia
Greenup,Kentucky
Adams,Indiana
Sioux,Iowa
Washington,Texas
Greene,Pennsylvania
Floyd,Kentucky
Livingston,Illinois
Warren,Missouri
Madison,Nebraska
Lincoln,Maine
Perry,Ohio
Lincoln,Tennessee
Silver Bow,Montana
Wapello,Iowa
Becker,Minnesota
Morrow,Ohio
Wasatch,Utah
Harris,Georgia
Monroe,Illinois
Lincoln,Mississippi
Alcorn,Mississippi
Clark,Wisconsin
Barry,Missouri
Cowley,Kansas
Brookings,South Dakota
Chambers,Alabama
Effingham,Illinois
Marshall,Tennessee
Lincoln,Nebraska
Steuben,Indiana
Howard,Texas
Taos,New Mexico
Putnam,Ohio
Nicollet,Minnesota
Miami,Kansas
Whitley,Indiana
DeSoto,Florida
Scotland,North Carolina
Lee,Illinois
Platte,Nebraska
Ford,Kansas
Preston,West Virginia
Monroe,Mississippi
Emmet,Michigan
Morrison,Minnesota
Halifax,Virginia
Marshall,Mississippi
Harvey,Kansas
Christian,Illinois
Pulaski,Virginia
Wexford,Michigan
Botetourt,Virginia
Lincoln,Oklahoma
Wakulla,Florida
Fulton,Illinois
Seneca,New York
Marion,Iowa
Lee,Iowa
Pickens,Georgia
Lumpkin,Georgia
Accomack,Virginia
Daviess,Indiana
Caroline,Maryland
Petersburg,Virginia
Bureau,Illinois
Morton,North Dakota
Panola,Mississippi
Transylvania,North Carolina
Hot Spring,Arkansas
Lawrence,Alabama
Jefferson,Indiana
Jasper,Indiana
Jasper,Texas
Rhea,Tennessee
Clinton,Indiana
Gibson,Indiana
Jefferson,Washington
Pike,Alabama
Greenbrier,West Virginia
Stark,North Dakota
Lee,Georgia
Weakley,Tennessee
Morgan,Illinois
Lafayette,Missouri
Jackson,Ohio
Dorchester,Maryland
Hale,Texas
Logan,West Virginia
Evangeline,Louisiana
Henry,Tennessee
Jefferson Davis,Louisiana
Lyon,Kansas
Chester,South Carolina
Juneau,Alaska
Claiborne,Tennessee
Franklin,Alabama
Polk,Missouri
Lassen,California
Marshall,Kentucky
Malheur,Oregon
Gilmer,Georgia
Lake,Montana
Huron,Michigan
Montgomery,Kansas
Coos,New Hampshire
Amherst,Virginia
Jefferson,Idaho
Stone,Missouri
Titus,Texas
Pontotoc,Mississippi
Caroline,Virginia
Sheridan,Wyoming
Delta,Colorado
Clarendon,South Carolina
Adams,Nebraska
Polk,Minnesota
Washington,Maine
Wabash,Indiana
McCurtain,Oklahoma
Clare,Michigan
Bee,Texas
Summit,Colorado
Greene,Indiana
Elk,Pennsylvania
Williamsburg,South Carolina
Kleberg,Texas
Freeborn,Minnesota
Vernon,Wisconsin
Muhlenberg,Kentucky
Bolivar,Mississippi
Trempealeau,Wisconsin
Obion,Tennessee
Hardin,Ohio
Boyle,Kentucky
Marshall,West Virginia
Powhatan,Virginia
Ottawa,Oklahoma
Caledonia,Vermont
Randolph,Illinois
Austin,Texas
Madison,Georgia
Mecklenburg,Virginia
Giles,Tennessee
Cass,Minnesota
Wayne,Georgia
Iberville,Louisiana
Knox,Kentucky
Haralson,Georgia
McPherson,Kansas
Door,Wisconsin
Meade,South Dakota
Schoharie,New York
Meade,Kentucky
Park,Wyoming
Franklin,Maine
Bladen,North Carolina
Smyth,Virginia
Jasper,South Carolina
Grimes,Texas
Orange,Vermont
Adams,Mississippi
Sumter,Georgia
Gallia,Ohio
Marion,South Carolina
Marion,Alabama
Mason,Michigan
Carroll,Virginia
Pine,Minnesota
Decatur,Georgia
Morgan,Colorado
Ripley,Indiana
Neshoba,Mississippi
Ellis,Kansas
Alpena,Michigan
Hancock,West Virginia
Fayette,Ohio
Cherokee,North Carolina
Garrett,Maryland
Marion,Tennessee
Van Wert,Ohio
Sanpete,Utah
Le Sueur,Minnesota
Elmore,Idaho
Glenn,California
Stoddard,Missouri
Cass,Texas
Currituck,North Carolina
Palo Pinto,Texas
Marion,Missouri
Lincoln,Wisconsin
Codington,South Dakota
Custer,Oklahoma
Jones,Georgia
Carroll,Tennessee
Carroll,Arkansas
Montgomery,Illinois
Monroe,Georgia
Wythe,Virginia
Fredericksburg,Virginia
Dillon,South Carolina
Copiah,Mississippi
Montgomery,Kentucky
Dunklin,Missouri
Wells,Indiana
White,Georgia
Perry,Kentucky
Washington,Indiana
Hocking,Ohio
Winchester,Virginia
Tate,Mississippi
Dinwiddie,Virginia
Peach,Georgia
Logan,Illinois
Grant,New Mexico
Randolph,West Virginia
Baker,Florida
Scott,Mississippi
Leflore,Mississippi
Union,Mississippi
Jackson,West Virginia
Henderson,Tennessee
Bradford,Florida
San Jacinto,Texas
Upson,Georgia
Jennings,Indiana
Henry,Ohio
Adams,Ohio
Logan,Kentucky
Yazoo,Mississippi
Del Norte,California
Orleans,Vermont
Fluvanna,Virginia
White,Tennessee
West Baton Rouge,Louisiana
McDonough,Illinois
Dawson,Georgia
Tillamook,Oregon
San Miguel,New Mexico
Cibola,New Mexico
Union,South Carolina
Pike,Ohio
Iroquois,Illinois
King George,Virginia
Mineral,West Virginia
Gillespie,Texas
Toombs,Georgia
Caddo,Oklahoma
Woodford,Kentucky
Hardin,Tennessee
De Soto,Louisiana
Carroll,Ohio
Ashe,North Carolina
Cass,Nebraska
Stephens,Georgia
Oceana,Michigan
Boone,Iowa
Juneau,Wisconsin
Lewis,New York
Mille Lacs,Minnesota
Carter,Kentucky
Geneva,Alabama
Wasco,Oregon
Harlan,Kentucky
Marlboro,South Carolina
Grayson,Kentucky
Elbert,Colorado
Decatur,Indiana
Clay,Indiana
Union,Oregon
Wyoming,Pennsylvania
Edgefield,South Carolina
Charlevoix,Michigan
Hart,Georgia
Grady,Georgia
Montezuma,Colorado
Taylor,Kentucky
Lawrence,South Dakota
Lamoille,Vermont
Franklin,Kansas
Dickinson,Michigan
Johnson,Arkansas
McNairy,Tennessee
Simpson,Mississippi
Brown,Minnesota
Sunflower,Mississippi
Montgomery,North Carolina
Garvin,Oklahoma
Russell,Virginia
Cheboygan,Michigan
Benton,Iowa
Plymouth,Iowa
Staunton,Virginia
Payette,Idaho
Hardee,Florida
Butts,Georgia
Hardeman,Tennessee
Mason,West Virginia
Pottawatomie,Kansas
Barton,Kansas
Gladwin,Michigan
Morehouse,Louisiana
Fannin,Georgia
Churchill,Nevada
Luna,New Mexico
Salem,Virginia
Macon,Tennessee
Lyon,Minnesota
Iosco,Michigan
Adair,Missouri
Todd,Minnesota
Posey,Indiana
Otsego,Michigan
Lauderdale,Tennessee
Grant,Kentucky
Milam,Texas
Cherokee,Alabama
Manistee,Michigan
Washington,Florida
Bremer,Iowa
Hickman,Tennessee
Crook,Oregon
Cleburne,Arkansas
Prentiss,Mississippi
Routt,Colorado
Goochland,Virginia
Chattooga,Georgia
Union,Georgia
Barbour,Alabama
Audrain,Missouri
Cassia,Idaho
Miller,Missouri
Uvalde,Texas
Texas,Missouri
Jackson,Oklahoma
Teller,Colorado
Yates,New York
Somerset,Maryland
Waushara,Wisconsin
Jefferson,Oregon
Randolph,Missouri
White,Indiana
Nicholas,West Virginia
Randolph,Indiana
Fayette,Texas
Rowan,Kentucky
George,Mississippi
Jerome,Idaho
Scott,Indiana
Abbeville,South Carolina
Marion,Mississippi
Burke,Georgia
Lincoln,Kentucky
Tattnall,Georgia
Blaine,Idaho
Bell,Kentucky
Fairfax,Virginia
Shelby,Texas
Aransas,Texas
Dawson,Nebraska
Hood River,Oregon
Itawamba,Mississippi
Upshur,West Virginia
Anderson,Kentucky
Ohio,Kentucky
Iowa,Wisconsin
Page,Virginia
Saline,Illinois
Antrim,Michigan
Winston,Alabama
Grainger,Tennessee
Seminole,Oklahoma
Washington,Missouri
Roscommon,Michigan
Juniata,Pennsylvania
Franklin,Georgia
Mingo,West Virginia
Menominee,Michigan
Curry,Oregon
Pacific,Washington
Fayette,Indiana
McDonald,Missouri
Meeker,Minnesota
Teton,Wyoming
Yankton,South Dakota
Starke,Indiana
Plaquemines,Louisiana
New Kent,Virginia
Hampshire,West Virginia
Saline,Missouri
Vilas,Wisconsin
St. Francis,Arkansas
Ray,Missouri
Clarke,Alabama
Hopewell,Virginia
Crawford,Missouri
Osceola,Michigan
Poinsett,Arkansas
Emanuel,Georgia
Franklin,Indiana
Allen,Louisiana
Klickitat,Washington
Caswell,North Carolina
Columbia,Arkansas
Rockbridge,Virginia
Mercer,Kentucky
Johnson,Kentucky
Ouachita,Arkansas
Overton,Tennessee
Panola,Texas
Washington,Iowa
Sumner,Kansas
Leelanau,Michigan
Saunders,Nebraska
Asotin,Washington
Brooke,West Virginia
Waynesboro,Virginia
Beckham,Oklahoma
Lee,Virginia
Bibb,Alabama
Meigs,Ohio
Limestone,Texas
Sabine,Louisiana
Putnam,Georgia
Anson,North Carolina
Nobles,Minnesota
Grant,Louisiana
Randolph,Alabama
Houston,Texas
Henry,Missouri
Mahaska,Iowa
Martin,North Carolina
Seward,Kansas
Jo Daviess,Illinois
Prince Edward,Virginia
Scott,Tennessee
Lampasas,Texas
Wyandot,Ohio
Colusa,California
Tippah,Mississippi
McDuffie,Georgia
Boone,West Virginia
Sevier,Utah
Gage,Nebraska
Llano,Texas
Mitchell,Georgia
Hertford,North Carolina
Minidoka,Idaho
Stutsman,North Dakota
Scott,Virginia
Gaines,Texas
Hockley,Texas
Letcher,Kentucky
Hubbard,Minnesota
Grenada,Mississippi
Clark,Arkansas
Fayette,Illinois
Jersey,Illinois
Wabasha,Minnesota
Taylor,Florida
Madison,North Carolina
Owen,Indiana
Leake,Mississippi
Dakota,Nebraska
Logan,Colorado
Moore,Texas
Newton,Mississippi
Gray,Texas
Coahoma,Mississippi
Fillmore,Minnesota
Logan,Arkansas
Wyoming,West Virginia
Bandera,Texas
Morgan,Missouri
Clinton,Missouri
Texas,Oklahoma
Nodaway,Missouri
Morgan,Tennessee
Assumption,Louisiana
Union,Louisiana
Shelby,Illinois
Perry,Illinois
Jackson,Wisconsin
Fairfield,South Carolina
Dodge,Minnesota
Washington,Nebraska
Ogemaw,Michigan
Sullivan,Indiana
Conway,Arkansas
Allen,Kentucky
Jones,Iowa
Adams,Wisconsin
Carroll,Iowa
Worth,Georgia
Buena Vista,Iowa
Meriwether,Georgia
Barnwell,South Carolina
Pointe Coupee,Louisiana
Buchanan,Iowa
Greene,Virginia
Hutchinson,Texas
Colorado,Texas
Kewaunee,Wisconsin
Adams,Washington
Uinta,Wyoming
Dukes,Massachusetts
Breckinridge,Kentucky
Jay,Indiana
Henry,Iowa
Fulton,Indiana
Woodward,Oklahoma
Lincoln,West Virginia
Greene,North Carolina
Carroll,Indiana
Lavaca,Texas
Yell,Arkansas
Carbon,Utah
Clay,Kentucky
Willacy,Texas
Crisp,Georgia
Buchanan,Virginia
Bourbon,Kentucky
Lincoln,New Mexico
DeKalb,Tennessee
Montague,Texas
Morgan,Georgia
Lincoln,Montana
Calhoun,Texas
Labette,Kansas
St. James,Louisiana
Winneshiek,Iowa
Hempstead,Arkansas
Smith,Tennessee
Richland,Louisiana
Taylor,Wisconsin
Dodge,Georgia
Washington,Georgia
Davison,South Dakota
Tyler,Texas
Martin,Minnesota
Spencer,Indiana
Union,Tennessee
DeWitt,Texas
Pierce,Georgia
Monroe,Alabama
Lincoln,Wyoming
Duchesne,Utah
Vernon,Missouri
Orange,Indiana
Wayne,Mississippi
Jones,Texas
Franklin,Louisiana
Gonzales,Texas
Adair,Oklahoma
Douglas,Illinois
Wayne,Kentucky
Plumas,California
Marion,Kentucky
Benton,Missouri
Freestone,Texas
Simpson,Kentucky
Elbert,Georgia
Chaffee,Colorado
Spencer,Kentucky
Polk,North Carolina
Holmes,Florida
Fayette,Iowa
Langlade,Wisconsin
Jackson,Iowa
East Feliciana,Louisiana
Polk,Arkansas
Cherokee,Kansas
Hart,Kentucky
Kent,Maryland
Los Alamos,New Mexico
Gem,Idaho
Macon,Alabama
Perry,Indiana
Marengo,Alabama
McIntosh,Oklahoma
Pike,Georgia
Roosevelt,New Mexico
Green Lake,Wisconsin
Beadle,South Dakota
Humphreys,Tennessee
Greene,Georgia
Ashley,Arkansas
Butler,Alabama
Perry,Missouri
Waseca,Minnesota
Saluda,South Carolina
Pickens,Alabama
McDowell,West Virginia
Hampton,South Carolina
Adair,Kentucky
Tishomingo,Mississippi
Inyo,California
Paulding,Ohio
Houston,Minnesota
Harrison,Kentucky
Warren,North Carolina
Crawford,Illinois
Concordia,Louisiana
Lamar,Georgia
Fentress,Tennessee
Randolph,Arkansas
Poweshiek,Iowa
Clay,Mississippi
Deaf Smith,Texas
Otero,Colorado
Bethel,Alaska
Yancey,North Carolina
Ste. Genevieve,Missouri
Dickinson,Kansas
Westmoreland,Virginia
Cedar,Iowa
Wright,Missouri
Appling,Georgia
Bosque,Texas
Jefferson,Kansas
Banks,Georgia
Andrews,Texas
Stone,Mississippi
Covington,Mississippi
Berrien,Georgia
Montour,Pennsylvania
Colonial Heights,Virginia
Frio,Texas
Brantley,Georgia
Gilchrist,Florida
Andrew,Missouri
Benzie,Michigan
Sawyer,Wisconsin
Grant,Arkansas
Russell,Kentucky
Southampton,Virginia
San Juan,Washington
Madison,Florida
Johnson,Tennessee
Burleson,Texas
Kalkaska,Michigan
Young,Texas
Schuyler,New York
King William,Virginia
Unicoi,Tennessee
Attala,Mississippi
Bertie,North Carolina
Hughes,South Dakota
Eastland,Texas
Haywood,Tennessee
Winston,Mississippi
Pike,Missouri
Dickinson,Iowa
Avery,North Carolina
Patrick,Virginia
Seward,Nebraska
Polk,Tennessee
Park,Colorado
Hancock,Illinois
Lee,Texas
Northampton,North Carolina
Delaware,Iowa
Sharp,Arkansas
Chester,Tennessee
Pitkin,Colorado
Park,Montana
Drew,Arkansas
Henry,Alabama
Humboldt,Nevada
Richland,Wisconsin
Cook,Georgia
Morgan,West Virginia
Garrard,Kentucky
Ben Hill,Georgia
Franklin,Arkansas
Dallas,Missouri
Mariposa,California
Clayton,Iowa
Manassas Park,Virginia
Union,Illinois
Mason,Kentucky
Bristol,Virginia
Arkansas,Arkansas
Chickasaw,Mississippi
Gunnison,Colorado
Tama,Iowa
Falls,Texas
Piscataquis,Maine
Lewis,West Virginia
Rabun,Georgia
Robertson,Texas
Marion,Arkansas
Cooper,Missouri
McCreary,Kentucky
Scurry,Texas
Buckingham,Virginia
Hardin,Iowa
Edgar,Illinois
Holmes,Mississippi
Cross,Arkansas
Long,Georgia
Idaho,Idaho
Jackson,Arkansas
Warren,Illinois
Bond,Illinois
Dixie,Florida
Madison,Arkansas
Lafayette,Wisconsin
Rush,Indiana
Giles,Virginia
Union,South Dakota
Piatt,Illinois
Baker,Oregon
Washburn,Wisconsin
La Paz,Arizona
Madison,Iowa
Taylor,West Virginia
Iowa,Iowa
Burnett,Wisconsin
Lee,South Carolina
Richland,North Dakota
Fountain,Indiana
Alamosa,Colorado
Socorro,New Mexico
Crawford,Iowa
Clay,Iowa
Potter,Pennsylvania
Radford,Virginia
Phillips,Arkansas
New Madrid,Missouri
Parke,Indiana
Wayne,Tennessee
Jasper,Mississippi
Atchison,Kansas
Fayette,Alabama
Brooks,Georgia
Lawrence,Arkansas
Appomattox,Virginia
Dade,Georgia
Hill,Montana
Lawrence,Kentucky
Bayfield,Wisconsin
Rockcastle,Kentucky
Kanabec,Minnesota
Wayne,Illinois
Crawford,Wisconsin
Bates,Missouri
Sequatchie,Tennessee
Ashland,Wisconsin
Otoe,Nebraska
Brunswick,Virginia
Casey,Kentucky
Benton,Tennessee
Leon,Texas
Sevier,Arkansas
Van Buren,Arkansas
Trinity,California
Aitkin,Minnesota
Neosho,Kansas
Osage,Kansas
Jefferson,Iowa
Henry,Kentucky
Grand,Colorado
Richland,Illinois
Mercer,Illinois
Pawnee,Oklahoma
Nottoway,Virginia
Marquette,Wisconsin
Floyd,Iowa
Carroll,Illinois
Jefferson,Georgia
Pemiscot,Missouri
Clarke,Mississippi
De Witt,Illinois
Floyd,Virginia
Barbour,West Virginia
Union,Florida
Gooding,Idaho
Brown,Indiana
Marshall,Oklahoma
Vermillion,Indiana
Williamsburg,Virginia
Clark,Illinois
Washington,Alabama
Redwood,Minnesota
Moniteau,Missouri
West Feliciana,Louisiana
Grayson,Virginia
Tipton,Indiana
Lawrence,Illinois
Roseau,Minnesota
Kingfisher,Oklahoma
Page,Iowa
Torrance,New Mexico
Macon,Missouri
Alleghany,Virginia
Cleburne,Alabama
Pecos,Texas
Fleming,Kentucky
Jackson,Louisiana
Missaukee,Michigan
Arenac,Michigan
Jackson,Texas
Gulf,Florida
Mitchell,North Carolina
Hamilton,Iowa
Oglethorpe,Georgia
Clay,South Dakota
Sibley,Minnesota
Larue,Kentucky
Jasper,Georgia
Clarke,Virginia
Bledsoe,Tennessee
Karnes,Texas
Gasconade,Missouri
Jeff Davis,Georgia
Pike,Illinois
Nelson,Virginia
LaSalle,Louisiana
Hale,Alabama
Kossuth,Iowa
Renville,Minnesota
Nolan,Texas
Pendleton,Kentucky
Harrison,Iowa
Carbon,Wyoming
Mills,Iowa
Gogebic,Michigan
Falls Church,Virginia
Fulton,Pennsylvania
Clay,Arkansas
Moultrie,Illinois
Harrison,Ohio
San Juan,Utah
Dent,Missouri
Cannon,Tennessee
Jefferson,Florida
Wetzel,West Virginia
Las Animas,Colorado
Bourbon,Kansas
Livingston,Missouri
Franklin,Idaho
Butler,Iowa
Cedar,Missouri
Smith,Mississippi
Choctaw,Oklahoma
Knott,Kentucky
Saline,Nebraska
Hardy,West Virginia
Noble,Ohio
York,Nebraska
Clay,Alabama
Claiborne,Louisiana
Rusk,Wisconsin
Trigg,Kentucky
Calhoun,South Carolina
Craig,Oklahoma
O'Brien,Iowa
Estill,Kentucky
Massac,Illinois
Swain,North Carolina
Atoka,Oklahoma
Wadena,Minnesota
Dickenson,Virginia
McKenzie,North Dakota
Price,Wisconsin
Nantucket,Massachusetts
Allamakee,Iowa
Roane,West Virginia
Screven,Georgia
Reeves,Texas
Pennington,Minnesota
Crockett,Tennessee
Faribault,Minnesota
Ketchikan Gateway,Alaska
Zapata,Texas
Walthall,Mississippi
Lamar,Alabama
Callahan,Texas
Morgan,Ohio
Morgan,Kentucky
Murray,Oklahoma
Chowan,North Carolina
White,Illinois
Newton,Indiana
Madison,Virginia
Washington,Illinois
Glacier,Montana
Calhoun,Florida
Izard,Arkansas
Trinity,Texas
Converse,Wyoming
Stewart,Tennessee
Oglala Lakota,South Dakota
Greene,Mississippi
Winn,Louisiana
Comanche,Texas
Breathitt,Kentucky
Pend Oreille,Washington
Madison,Texas
Grundy,Tennessee
Martinsville,Virginia
Fremont,Idaho
Archuleta,Colorado
Union,Kentucky
Hamilton,Florida
Ford,Illinois
Hughes,Oklahoma
Monroe,Ohio
Shoshone,Idaho
Osage,Missouri
Buffalo,Wisconsin
Johnson,Illinois
Bamberg,South Carolina
Amelia,Virginia
Jackson,Kansas
Clay,Illinois
Moffat,Colorado
Mono,California
Crenshaw,Alabama
Crawford,Michigan
Calhoun,Mississippi
Cass,Iowa
Big Horn,Montana
Powell,Kentucky
Presque Isle,Michigan
Mason,Illinois
Kodiak Island,Alaska
Lewis,Kentucky
Perquimans,North Carolina
Millard,Utah
Lamb,Texas
Lincoln,Arkansas
Jackson,Kentucky
Bienville,Louisiana
Cass,Illinois
Webster,Kentucky
Wright,Iowa
Meigs,Tennessee
Wilbarger,Texas
Vinton,Ohio
Howard,Arkansas
Bath,Kentucky
Amite,Mississippi
Choctaw,Alabama
Madison,Missouri
Lewis,Tennessee
Caldwell,Kentucky
Tallahatchie,Mississippi
Telfair,Georgia
Sanders,Montana
Goshen,Wyoming
Allen,Kansas
Charlton,Georgia
Towns,Georgia
Camp,Texas
Braxton,West Virginia
Yalobusha,Mississippi
Pulaski,Indiana
Poquoson,Virginia
Chippewa,Minnesota
Monroe,West Virginia
Bleckley,Georgia
Stone,Arkansas
Colfax,New Mexico
Morgan,Utah
Butler,Kentucky
Grundy,Iowa
Dawson,Texas
Boundary,Idaho
Newton,Texas
Pamlico,North Carolina
Mississippi,Missouri
Rolette,North Dakota
Lake,Michigan
Menard,Illinois
Todd,Kentucky
Appanoose,Iowa
Franklin,Florida
Jefferson,Montana
Rains,Texas
Pike,Indiana
Sumter,Alabama
Fulton,Arkansas
Edmonson,Kentucky
Glades,Florida
Crawford,Georgia
Morrow,Oregon
Northampton,Virginia
Skamania,Washington
Union,Iowa
Macon,Georgia
Blackford,Indiana
Koochiching,Minnesota
Owyhee,Idaho
Washington,Kentucky
Little River,Arkansas
Lyon,Iowa
Greene,Illinois
Northumberland,Virginia
Morris,Texas
Lunenburg,Virginia
Summers,West Virginia
Prowers,Colorado
Chickasaw,Iowa
Custer,Montana
Juab,Utah
Lawrence,Mississippi
Linn,Missouri
Marion,Kansas
DeKalb,Missouri
Valley,Idaho
Terry,Texas
Teton,Idaho
Douglas,Missouri
Marshall,Illinois
Shelby,Iowa
Jackson,Tennessee
Big Horn,Wyoming
Barton,Missouri
Haskell,Oklahoma
Magoffin,Kentucky
Red River,Texas
Ramsey,North Dakota
Blanco,Texas
Cherokee,Iowa
Trousdale,Tennessee
Iron,Michigan
Conecuh,Alabama
Charlotte,Virginia
Perry,Mississippi
Sierra,New Mexico
Fergus,Montana
Heard,Georgia
Decatur,Tennessee
Cottonwood,Minnesota
Rio Grande,Colorado
Montgomery,Missouri
Live Oak,Texas
Greensville,Virginia
Richland,Montana
Okfuskee,Oklahoma
Ward,Texas
Monroe,Kentucky
Wabash,Illinois
Pope,Minnesota
Martin,Kentucky
Jefferson Davis,Mississippi
Desha,Arkansas
Dooly,Georgia
Owen,Kentucky
Lake,South Dakota
Watonwan,Minnesota
Green,Kentucky
Clay,North Carolina
McIntosh,Georgia
Bacon,Georgia
Wayne,Missouri
Washington,North Carolina
Lincoln,Washington
Grant,West Virginia
Alleghany,North Carolina
Noble,Oklahoma
Candler,Georgia
Washita,Oklahoma
North Slope,Alaska
Lake,Minnesota
St. Helena,Louisiana
Lancaster,Virginia
Sussex,Virginia
Pushmataha,Oklahoma
Mackinac,Michigan
Carroll,Kentucky
Ripley,Missouri
Barnes,North Dakota
Louisa,Iowa
Roosevelt,Montana
Hancock,Iowa
Box Butte,Nebraska
Evans,Georgia
Early,Georgia
Middlesex,Virginia
Winnebago,Iowa
Red Willow,Nebraska
Bollinger,Missouri
Carbon,Montana
Guthrie,Iowa
Washington,Idaho
Essex,Virginia
Custer,Nebraska
Colfax,Nebraska
Walsh,North Dakota
Camden,North Carolina
Mitchell,Iowa
Crawford,Indiana
Gates,North Carolina
Leslie,Kentucky
Bradley,Arkansas
Cumberland,Illinois
Franklin,Texas
Wilcox,Alabama
Johnston,Oklahoma
Butte,South Dakota
Ralls,Missouri
Coosa,Alabama
Bullock,Alabama
Metcalfe,Kentucky
Clay,Texas
Montgomery,Iowa
Noxubee,Mississippi
Roberts,South Dakota
Alcona,Michigan
Chicot,Arkansas
Nemaha,Kansas
Pike,Arkansas
Love,Oklahoma
Lowndes,Alabama
Holt,Nebraska
Howard,Missouri
Perry,Arkansas
Madison,Louisiana
Keokuk,Iowa
Nome,Alaska
Franklin,Iowa
Marshall,Kansas
Jackson,Minnesota
Lewis,Missouri
Sabine,Texas
Lanier,Georgia
Duval,Texas
Webster,Mississippi
Yuma,Colorado
Carroll,Mississippi
Ochiltree,Texas
Emery,Utah
Switzerland,Indiana
Calhoun,Iowa
Pulaski,Georgia
Grundy,Missouri
Scott,Arkansas
Martin,Indiana
Runnels,Texas
Parmer,Texas
Swift,Minnesota
Montgomery,Mississippi
West Carroll,Louisiana
Tunica,Mississippi
McLean,North Dakota
Sac,Iowa
Clarke,Iowa
Benewah,Idaho
Wayne,Nebraska
Zavala,Texas
Cumberland,Virginia
Linn,Kansas
Stevens,Minnesota
Grand,Utah
Marion,Texas
Rock,Minnesota
Caldwell,Louisiana
Mountrail,North Dakota
McCormick,South Carolina
Wilkes,Georgia
Humboldt,Iowa
Yellow Medicine,Minnesota
Iron,Missouri
Latimer,Oklahoma
Cheyenne,Nebraska
Irwin,Georgia
Brown,Kansas
Greenlee,Arizona
Howard,Iowa
Beaverhead,Montana
Nowata,Oklahoma
Brewster,Texas
Rice,Kansas
Deer Lodge,Montana
Clear Creek,Colorado
Chattahoochee,Georgia
Hamilton,Nebraska
Pipestone,Minnesota
Todd,South Dakota
Emmet,Iowa
Somervell,Texas
St. Clair,Missouri
Charles Mix,South Dakota
Clinton,Kentucky
Jasper,Illinois
Jones,North Carolina
Montmorency,Michigan
Stephens,Texas
Forest,Wisconsin
Johnson,Georgia
Pratt,Kansas
McLean,Kentucky
Seminole,Georgia
Davis,Iowa
Hancock,Kentucky
Claiborne,Mississippi
Marshall,Minnesota
Cloud,Kansas
Terrell,Georgia
Cuming,Nebraska
White Pine,Nevada
Livingston,Kentucky
Kemper,Mississippi
Crittenden,Kentucky
Stillwater,Montana
Richmond,Virginia
Phelps,Nebraska
Mitchell,Texas
Palo Alto,Iowa
Dawson,Montana
Catahoula,Louisiana
Turner,Georgia
Caldwell,Missouri
Alger,Michigan
Wilkinson,Georgia
Wilcox,Georgia
Clearwater,Idaho
Sublette,Wyoming
Greene,Iowa
Oregon,Missouri
Madison,Montana
Lyon,Kentucky
Gallatin,Kentucky
Benton,Indiana
Jenkins,Georgia
Ozark,Missouri
Montgomery,Georgia
Turner,South Dakota
Dimmit,Texas
Monona,Iowa
Monroe,Missouri
Wilson,Kansas
Lucas,Iowa
Lee,Arkansas
Blaine,Oklahoma
Woods,Oklahoma
Modoc,California
Archer,Texas
Quay,New Mexico
Platte,Wyoming
Hancock,Georgia
Jack,Texas
Montgomery,Arkansas
Clearwater,Minnesota
Mathews,Virginia
Johnson,Wyoming
Wilkinson,Mississippi
Custer,South Dakota
Carroll,Missouri
Trimble,Kentucky
Ritchie,West Virginia
Perry,Alabama
Sitka,Alaska
Warren,Indiana
Maries,Missouri
Hickory,Missouri
Kiowa,Oklahoma
Perry,Tennessee
Bracken,Kentucky
Daviess,Missouri
Knox,Nebraska
Cedar,Nebraska
Butler,Nebraska
Kusilvak,Alaska
Mercer,North Dakota
Webster,West Virginia
Tyler,West Virginia
Coffey,Kansas
Rosebud,Montana
Keith,Nebraska
Nevada,Arkansas
Dawes,Nebraska
Atkinson,Georgia
Oscoda,Michigan
Houston,Tennessee
Baraga,Michigan
Hamilton,Texas
Prairie,Arkansas
Choctaw,Mississippi
Lake,Oregon
Franklin,Virginia
Harrison,Missouri
Murray,Minnesota
Lafayette,Florida
Clay,Kansas
San Miguel,Colorado
Allendale,South Carolina
Schoolcraft,Michigan
Clay,West Virginia
Graham,North Carolina
Lemhi,Idaho
Hamilton,Illinois
Traill,North Dakota
Twiggs,Georgia
Pocahontas,West Virginia
San Augustine,Texas
Power,Idaho
Thomas,Kansas
Searcy,Arkansas
Richardson,Nebraska
Doddridge,West Virginia
Kane,Utah
Boise,Idaho
Coleman,Texas
Taylor,Georgia
Anderson,Kansas
Humphreys,Mississippi
Ballard,Kentucky
Lincoln,Georgia
Washakie,Wyoming
Greene,Alabama
Liberty,Florida
Franklin,Mississippi
Decatur,Iowa
Northwest Arctic,Alaska
Major,Oklahoma
Merrick,Nebraska
McCulloch,Texas
Benton,Mississippi
Red River,Louisiana
Yoakum,Texas
Pleasants,West Virginia
Nicholas,Kentucky
Dade,Missouri
Clay,Tennessee
Winkler,Texas
Monroe,Iowa
Conejos,Colorado
Valley,Montana
Wheeler,Georgia
Cleveland,Arkansas
Grant,South Dakota
Marion,Georgia
Doniphan,Kansas
Harney,Oregon
Adair,Iowa
Gilmer,West Virginia
Wallowa,Oregon
Rappahannock,Virginia
Worth,Iowa
Chariton,Missouri
Lake,Colorado
Hutchinson,South Dakota
Castro,Texas
Elliott,Kentucky
East Carroll,Louisiana
Kingman,Kansas
Pepin,Wisconsin
Lexington,Virginia
Lee,Kentucky
Grant,Kansas
Grand Isle,Vermont
Pierce,Nebraska
Ferry,Washington
Crook,Wyoming
Newton,Arkansas
Grant,Oregon
Van Buren,Iowa
Jefferson,Mississippi
Jefferson,Nebraska
Dallam,Texas
Shannon,Missouri
Beaver,Utah
Goliad,Texas
Fall River,South Dakota
Pocahontas,Iowa
Brooks,Texas
Caribou,Idaho
Union,Indiana
Kit Carson,Colorado
Blaine,Montana
Nemaha,Nebraska
Bon Homme,South Dakota
Tillman,Oklahoma
Chugach,Alaska
Powell,Montana
Swisher,Texas
Broadwater,Montana
Ida,Iowa
La Salle,Texas
Forest,Pennsylvania
Wabaunsee,Kansas
Bailey,Texas
Lake,Tennessee
Huerfano,Colorado
Southeast Fairbanks,Alaska
Schuyler,Illinois
Weston,Wyoming
Pembina,North Dakota
Monroe,Arkansas
Childress,Texas
Charles City,Virginia
Tucker,West Virginia
Lac qui Parle,Minnesota
Hancock,Tennessee
Refugio,Texas
Burt,Nebraska
Thurston,Nebraska
Clinch,Georgia
Russell,Kansas
Clark,Missouri
Galax,Virginia
King and Queen,Virginia
Kearney,Nebraska
Fremont,Iowa
Buena Vista,Virginia
Pershing,Nevada
Wolfe,Kentucky
Moore,Tennessee
Surry,Virginia
Rio Blanco,Colorado
Wayne,Iowa
Fulton,Kentucky
Howard,Nebraska
Dallas,Arkansas
Norman,Minnesota
Wilkin,Minnesota
Saguache,Colorado
Bear Lake,Idaho
Treutlen,Georgia
Bottineau,North Dakota
Ellsworth,Kansas
Henderson,Illinois
Randolph,Georgia
Spink,South Dakota
Moody,South Dakota
Brown,Illinois
Antelope,Nebraska
Pawnee,Kansas
Calhoun,West Virginia
Lafayette,Arkansas
Woodruff,Arkansas
Bland,Virginia
Teton,Montana
Gentry,Missouri
Hamlin,South Dakota
Edwards,Illinois
Van Buren,Tennessee
Menifee,Kentucky
Presidio,Texas
Pendleton,West Virginia
Osceola,Iowa
Iron,Wisconsin
Quitman,Mississippi
Reynolds,Missouri
Grant,Minnesota
Clay,Nebraska
Shelby,Missouri
Greenwood,Kansas
Pondera,Montana
Sullivan,Missouri
Essex,Vermont
Ohio,Indiana
Cumberland,Kentucky
Benson,North Dakota
Sherman,Kansas
Miller,Georgia
Taylor,Iowa
Chouteau,Montana
Sullivan,Pennsylvania
Ontonagon,Michigan
Gilpin,Colorado
Mitchell,Kansas
Stanton,Nebraska
Carson,Texas
Prince of Wales-Hyder,Alaska
Talbot,Georgia
Crowley,Colorado
San Saba,Texas
Ottawa,Kansas
Garza,Texas
Lander,Nevada
Covington,Virginia
Gray,Kansas
McCook,South Dakota
Alfalfa,Oklahoma
Emporia,Virginia
Ransom,North Dakota
Audubon,Iowa
Lincoln,Minnesota
Putnam,Illinois
Lynn,Texas
Cook,Minnesota
Tripp,South Dakota
Calhoun,Georgia
Lincoln,Colorado
Dixon,Nebraska
Bent,Colorado
Fillmore,Nebraska
Cotton,Oklahoma
Greer,Oklahoma
Washington,Kansas
Day,South Dakota
Cherry,Nebraska
Harper,Kansas
Cameron,Louisiana
Luce,Michigan
Norton,Kansas
Jefferson,Oklahoma
Haskell,Texas
Boone,Nebraska
Stark,Illinois
Mahnomen,Minnesota
Floyd,Texas
Morris,Kansas
Hartley,Texas
Yukon-Koyukuk,Alaska
McHenry,North Dakota
Walworth,South Dakota
Carter,Missouri
Johnson,Nebraska
Coal,Oklahoma
Delta,Texas
Dewey,South Dakota
Stevens,Kansas
Hansford,Texas
Atchison,Missouri
Alexander,Illinois
Brule,South Dakota
Martin,Texas
Aleutians West,Alaska
Lincoln,Idaho
Wirt,West Virginia
Warren,Georgia
Polk,Nebraska
Pulaski,Illinois
Kingsbury,South Dakota
Big Stone,Minnesota
Crosby,Texas
Scott,Kansas
Garfield,Utah
Stewart,Georgia
Sheridan,Nebraska
Hamilton,New York
Beaver,Oklahoma
Pickett,Tennessee
Toole,Montana
Thayer,Nebraska
Dickey,North Dakota
Wheeler,Texas
Gallatin,Illinois
Phillips,Kansas
Ouray,Colorado
Rooks,Kansas
Musselshell,Montana
Scott,Illinois
Craig,Virginia
Custer,Colorado
Dillingham,Alaska
Jim Hogg,Texas
Washington,Colorado
Carlisle,Kentucky
Calhoun,Arkansas
Scotland,Missouri
Putnam,Missouri
Ringgold,Iowa
Republic,Kansas
Mineral,Montana
Hyde,North Carolina
Crane,Texas
Furnas,Nebraska
Hot Springs,Wyoming
Florence,Wisconsin
Oneida,Idaho
Mineral,Nevada
Schley,Georgia
Morrill,Nebraska
Cameron,Pennsylvania
Lincoln,Nevada
Dewey,Oklahoma
Mills,Texas
Phillips,Colorado
Hickman,Kentucky
Wahkiakum,Washington
Calhoun,Illinois
Adams,Idaho
Guadalupe,New Mexico
Marshall,South Dakota
Custer,Idaho
Kimble,Texas
Deuel,South Dakota
Menominee,Wisconsin
Holt,Missouri
Phillips,Montana
Mora,New Mexico
Kittson,Minnesota
Bath,Virginia
Hidalgo,New Mexico
Grant,Oklahoma
LaMoure,North Dakota
Tensas,Louisiana
Storey,Nevada
Nuckolls,Nebraska
Barber,Kansas
Union,New Mexico
Schuyler,Missouri
Owsley,Kentucky
Stafford,Kansas
Valley,Nebraska
Dunn,North Dakota
Meade,Kansas
Edmunds,South Dakota
Pierce,North Dakota
Wells,North Dakota
Gregory,South Dakota
Columbia,Washington
Kearny,Kansas
Mason,Texas
Red Lake,Minnesota
Sharkey,Mississippi
Corson,South Dakota
Sioux,North Dakota
Clark,South Dakota
Sargent,North Dakota
Pope,Illinois
Lake of the Woods,Minnesota
Knox,Missouri
Ellis,Oklahoma
Haskell,Kansas
Lyman,South Dakota
Echols,Georgia
Chase,Nebraska
Sheridan,Montana
Sweet Grass,Montana
Cavalier,North Dakota
Adams,Iowa
Fisher,Texas
Norton,Virginia
Hardin,Illinois
Catron,New Mexico
Lewis,Idaho
Smith,Kansas
Hardeman,Texas
Costilla,Colorado
Mercer,Missouri
Baca,Colorado
Osborne,Kansas
Baylor,Texas
Hanson,South Dakota
Roger Mills,Oklahoma
Webster,Nebraska
Aleutians East,Alaska
Kimball,Nebraska
Bennett,South Dakota
Tyrrell,North Carolina
Chautauqua,Kansas
Foster,North Dakota
Petersburg,Alaska
Hemphill,Texas
Granite,Montana
Nance,Nebraska
Sutton,Texas
Traverse,Minnesota
Knox,Texas
Hudspeth,Texas
Reagan,Texas
Coke,Texas
Donley,Texas
Emmons,North Dakota
Upton,Texas
Harper,Oklahoma
Concho,Texas
Kinney,Texas
Woodson,Kansas
Shackelford,Texas
Harlan,Nebraska
Hand,South Dakota
Lipscomb,Texas
Nelson,North Dakota
Stanley,South Dakota
Bowman,North Dakota
Sherman,Nebraska
Perkins,South Dakota
Crockett,Texas
Fallon,Montana
Rush,Kansas
Lincoln,Kansas
Jewell,Kansas
Sierra,California
Glascock,Georgia
Franklin,Nebraska
Baker,Georgia
Collingsworth,Texas
Perkins,Nebraska
Clay,Georgia
Edwards,Kansas
Hall,Texas
Jackson,South Dakota
Real,Texas
Douglas,South Dakota
Trego,Kansas
Decatur,Kansas
Gove,Kansas
Logan,Kansas
Brown,Nebraska
Morton,Kansas
Ness,Kansas
Hitchcock,Nebraska
Cheyenne,Kansas
Copper River,Alaska
Butte,Idaho
Aurora,South Dakota
Potter,South Dakota
Chase,Kansas
Pawnee,Nebraska
Rawlins,Kansas
Rich,Utah
Wayne,Utah
McIntosh,North Dakota
Cochran,Texas
Hamilton,Kansas
Harmon,Oklahoma
Frontier,Nebraska
Hettinger,North Dakota
Schleicher,Texas
Niobrara,Wyoming
Ziebach,South Dakota
Elk,Kansas
Sheridan,Kansas
Kiowa,Kansas
Graham,Kansas
Sherman,Texas
Sedgwick,Colorado
Kidder,North Dakota
Sanborn,South Dakota
Webster,Georgia
Eddy,North Dakota
Dolores,Colorado
Hoonah-Angoon,Alaska
Grant,North Dakota
Miner,South Dakota
Garfield,Washington
Griggs,North Dakota
Renville,North Dakota
Cimarron,Oklahoma
McPherson,South Dakota
Highland,Virginia
Greeley,Nebraska
Robertson,Kentucky
Divide,North Dakota
Adams,North Dakota
Burke,North Dakota
Culberson,Texas
Quitman,Georgia
Oldham,Texas
Towner,North Dakota
Faulk,South Dakota
Wrangell,Alaska
Wichita,Kansas
Denali,Alaska
Keweenaw,Michigan
Haines,Alaska
Stanton,Kansas
Wheatland,Montana
Judith Basin,Montana
Liberty,Montana
Jeff Davis,Texas
Mellette,South Dakota
Gilliam,Oregon
Worth,Missouri
Clark,Kansas
Menard,Texas
Meagher,Montana
Armstrong,Texas
Sherman,Oregon
Gosper,Nebraska
Buffalo,South Dakota
Deuel,Nebraska
Logan,North Dakota
Jerauld,South Dakota
Garfield,Nebraska
Oliver,North Dakota
Comanche,Kansas
Dundy,Nebraska
Garden,Nebraska
Steele,North Dakota
Powder River,Montana
Hodgeman,Kansas
Boyd,Nebraska
Piute,Utah
Haakon,South Dakota
McCone,Montana
Golden Valley,North Dakota
Cheyenne,Colorado
De Baca,New Mexico
Cottle,Texas
Taliaferro,Georgia
Eureka,Nevada
Dickens,Texas
Irion,Texas
Daniels,Montana
Campbell,South Dakota
Lane,Kansas
Alpine,California
Wallace,Kansas
Jackson,Colorado
Throckmorton,Texas
Wheeler,Oregon
Sterling,Texas
Edwards,Texas
Kiowa,Colorado
Sheridan,North Dakota
Carter,Montana
Stonewall,Texas
Hyde,South Dakota
Sully,South Dakota
Rock,Nebraska
Skagway,Alaska
Briscoe,Texas
Prairie,Montana
Greeley,Kansas
Motley,Texas
Issaquena,Mississippi
Harding,South Dakota
Sioux,Nebraska
Camas,Idaho
Wibaux,Montana
Foard,Texas
Glasscock,Texas
Jones,South Dakota
Lake and Peninsula,Alaska
Keya Paha,Nebraska
Esmeralda,Nevada
Garfield,Montana
Hayes,Nebraska
Hinsdale,Colorado
Terrell,Texas
Bristol Bay,Alaska
Golden Valley,Montana
Billings,North Dakota
Logan,Nebraska
Slope,North Dakota
Mineral,Colorado
Wheeler,Nebraska
Roberts,Texas
Clark,Idaho
San Juan,Colorado
Borden,Texas
Treasure,Montana
Harding,New Mexico
McMullen,Texas
Banner,Nebraska
Hooker,Nebraska
Grant,Nebraska
Daggett,Utah
Kent,Texas
Loup,Nebraska
Thomas,Nebraska
Yakutat,Alaska
Arthur,Nebraska
McPherson,Nebraska
Petroleum,Montana
Blaine,Nebraska
King,Texas
Kenedy,Texas
Loving,Texas
Kalawao,Hawaii